"Region-EN","Région-FR","Year-Année","Source-EN","Source-FR","Sector-EN","Secteur-FR","Sub-sector-EN","Sous-secteur-FR","TPM-MPT","TPM-Units-MPT-Unités","PM10-PM10","PM10-Units-PM10-Unités","PM2.5-PM2.5","PM2.5-Units-PM2.5-Unités","SOX-SOX","SOX-Units-SOX-Unités","NOX-NOX","NOX-Units-NOX-Unités","VOC-COV","VOC-Units-COV-Unités","CO-CO","CO-Units-CO-Unités","NH3-NH3","NH3-Units-NH3-Unités","Pb-Pb","Pb-Units-Pb-Unités","Cd-Cd","Cd-Units-Cd-Unités","Hg-Hg","Hg-Units-Hg-Unités","D/F-D/F","D/F-Units-D/F-Unités","HCB-HCB","HCB-Units-HCB-Unités","PAH-HAP","PAH-Units-HAP-Unités"
"Quebec","Québec","1991","Industrial Sources","Sources industrielles","Aluminum Industry","Industrie de l'aluminium","all subsectors","tous les sous-secteurs","13603","tonnes","5875","tonnes","3651","tonnes","36056","tonnes","1486","tonnes","656","tonnes","303630","tonnes","28","tonnes","","kg","","kg","16.9","kg","","gTEQ","","g","","kg",
"Quebec","Québec","1991","Industrial Sources","Sources industrielles","Aluminum Industry","Industrie de l'aluminium","Alumina (Bauxite Refining)","Alumine (raffinage de bauxite)","649","tonnes","400","tonnes","314","tonnes","2869","tonnes","797","tonnes","10","tonnes","138","tonnes","24","tonnes","","kg","","kg","6.3","kg","","gTEQ","","g","","kg",
"Quebec","Québec","1991","Industrial Sources","Sources industrielles","Aluminum Industry","Industrie de l'aluminium","Primary Aluminum Smelting & Refining","Fusion primaire et raffinage de l'aluminium","12951","tonnes","5472","tonnes","3334","tonnes","33181","tonnes","674","tonnes","646","tonnes","303488","tonnes","2","tonnes","","kg","","kg","10.6","kg","","gTEQ","","g","","kg",
"Quebec","Québec","1991","Industrial Sources","Sources industrielles","Aluminum Industry","Industrie de l'aluminium","Secondary Aluminum (Includes Recycling)","Alumineries secondaires (incluant le recyclage)","3","tonnes","3","tonnes","3","tonnes","7","tonnes","15","tonnes","","tonnes","3","tonnes","1","tonnes","","kg","","kg","","kg","","gTEQ","","g","","kg",
"Quebec","Québec","1991","Industrial Sources","Sources industrielles","Asphalt Paving Industry","Industrie des revêtements bitumineux","all subsectors","tous les sous-secteurs","11973","tonnes","2289","tonnes","420","tonnes","196","tonnes","281","tonnes","217","tonnes","1116","tonnes","","tonnes","140.3","kg","3.5","kg","3.2","kg","","gTEQ","","g","2.8","kg",
"Quebec","Québec","1991","Industrial Sources","Sources industrielles","Cement and Concrete Industry","Industrie du ciment et du béton","all subsectors","tous les sous-secteurs","11431","tonnes","3775","tonnes","1848","tonnes","14199","tonnes","5068","tonnes","184","tonnes","4753","tonnes","191","tonnes","21.7","kg","0.2","kg","65.2","kg","","gTEQ","","g","","kg",
"Quebec","Québec","1991","Industrial Sources","Sources industrielles","Cement and Concrete Industry","Industrie du ciment et du béton","Cement Manufacture","Fabrication du ciment","2566","tonnes","1074","tonnes","523","tonnes","13025","tonnes","4554","tonnes","90","tonnes","684","tonnes","167","tonnes","","kg","","kg","47.5","kg","","gTEQ","","g","","kg",
"Quebec","Québec","1991","Industrial Sources","Sources industrielles","Cement and Concrete Industry","Industrie du ciment et du béton","Lime Manufacture","Fabrication de la chaux","297","tonnes","57","tonnes","40","tonnes","1174","tonnes","514","tonnes","65","tonnes","4070","tonnes","24","tonnes","","kg","","kg","17.7","kg","","gTEQ","","g","","kg",
"Quebec","Québec","1991","Industrial Sources","Sources industrielles","Cement and Concrete Industry","Industrie du ciment et du béton","Concrete Batching & Products","Mélange de béton et produits","8568","tonnes","2644","tonnes","1286","tonnes","","tonnes","1","tonnes","29","tonnes","","tonnes","","tonnes","21.7","kg","0.2","kg","","kg","","gTEQ","","g","","kg",
"Quebec","Québec","1991","Industrial Sources","Sources industrielles","Chemicals Industry","Industrie chimique","all subsectors","tous les sous-secteurs","1992","tonnes","1054","tonnes","865","tonnes","8701","tonnes","2487","tonnes","11282","tonnes","1690","tonnes","46","tonnes","","kg","","kg","1","kg","","gTEQ","","g","","kg",
"Quebec","Québec","1991","Industrial Sources","Sources industrielles","Chemicals Industry","Industrie chimique","Chemical Manufacture","Fabrication de produits chimiques","1159","tonnes","345","tonnes","299","tonnes","6452","tonnes","1317","tonnes","830","tonnes","270","tonnes","28","tonnes","","kg","","kg","","kg","","gTEQ","","g","","kg",
"Quebec","Québec","1991","Industrial Sources","Sources industrielles","Chemicals Industry","Industrie chimique","Paint & Varnish Manufacturing","Fabrication de peintures et vernis","38","tonnes","38","tonnes","37","tonnes","","tonnes","1","tonnes","3239","tonnes","","tonnes","","tonnes","","kg","","kg","","kg","","gTEQ","","g","","kg",
"Quebec","Québec","1991","Industrial Sources","Sources industrielles","Chemicals Industry","Industrie chimique","Petrochemical Industry","Industrie pétrochimique","737","tonnes","624","tonnes","493","tonnes","119","tonnes","818","tonnes","6519","tonnes","195","tonnes","14","tonnes","","kg","","kg","","kg","","gTEQ","","g","","kg",
"Quebec","Québec","1991","Industrial Sources","Sources industrielles","Chemicals Industry","Industrie chimique","Plastics & Synthetic Resins Fabrication","Fabrication de plastiques et de résines synthétiques","36","tonnes","27","tonnes","21","tonnes","2129","tonnes","230","tonnes","362","tonnes","95","tonnes","1","tonnes","","kg","","kg","1","kg","","gTEQ","","g","","kg",
"Quebec","Québec","1991","Industrial Sources","Sources industrielles","Chemicals Industry","Industrie chimique","Fertilizer Production","Production d'engrais","","tonnes","","tonnes","","tonnes","","tonnes","","tonnes","","tonnes","","tonnes","","tonnes","","kg","","kg","","kg","","gTEQ","","g","","kg",
"Quebec","Québec","1991","Industrial Sources","Sources industrielles","Chemicals Industry","Industrie chimique","Other (Chemical Industries)","Autres (industrie chimique)","21","tonnes","20","tonnes","14","tonnes","","tonnes","120","tonnes","332","tonnes","1129","tonnes","3","tonnes","","kg","","kg","","kg","","gTEQ","","g","","kg",
"Quebec","Québec","1991","Industrial Sources","Sources industrielles","Mineral Products Industry","Industrie des produits minéraux","all subsectors","tous les sous-secteurs","58","tonnes","37","tonnes","27","tonnes","351","tonnes","117","tonnes","2","tonnes","31","tonnes","2","tonnes","","kg","","kg","","kg","","gTEQ","","g","","kg",
"Quebec","Québec","1991","Industrial Sources","Sources industrielles","Mineral Products Industry","Industrie des produits minéraux","Clay Products","Produits d'argile","16","tonnes","17","tonnes","14","tonnes","167","tonnes","24","tonnes","1","tonnes","11","tonnes","1","tonnes","","kg","","kg","","kg","","gTEQ","","g","","kg",
"Quebec","Québec","1991","Industrial Sources","Sources industrielles","Mineral Products Industry","Industrie des produits minéraux","Brick Products","Briques","","tonnes","","tonnes","","tonnes","","tonnes","","tonnes","","tonnes","","tonnes","","tonnes","","kg","","kg","","kg","","gTEQ","","g","","kg",
"Quebec","Québec","1991","Industrial Sources","Sources industrielles","Mineral Products Industry","Industrie des produits minéraux","Other Mineral Products","Autres produits minéraux","42","tonnes","20","tonnes","13","tonnes","183","tonnes","93","tonnes","1","tonnes","20","tonnes","1","tonnes","","kg","","kg","","kg","","gTEQ","","g","","kg",
"Quebec","Québec","1991","Industrial Sources","Sources industrielles","Foundries","Fonderies","all subsectors","tous les sous-secteurs","1504","tonnes","1387","tonnes","1316","tonnes","612","tonnes","228","tonnes","292","tonnes","8325","tonnes","6","tonnes","","kg","","kg","68.9","kg","","gTEQ","","g","","kg",
"Quebec","Québec","1991","Industrial Sources","Sources industrielles","Foundries","Fonderies","Ferrous Foundries","Métaux ferreux","1501","tonnes","1387","tonnes","1316","tonnes","583","tonnes","209","tonnes","291","tonnes","8321","tonnes","6","tonnes","","kg","","kg","68.9","kg","","gTEQ","","g","","kg",
"Quebec","Québec","1991","Industrial Sources","Sources industrielles","Foundries","Fonderies","Non-ferrous Foundries","Métaux non ferreux","3","tonnes","","tonnes","","tonnes","29","tonnes","19","tonnes","","tonnes","4","tonnes","","tonnes","","kg","","kg","","kg","","gTEQ","","g","","kg",
"Quebec","Québec","1991","Industrial Sources","Sources industrielles","Foundries","Fonderies","Die Casting","Moulage sous pression","","tonnes","","tonnes","","tonnes","","tonnes","","tonnes","","tonnes","","tonnes","","tonnes","","kg","","kg","","kg","","gTEQ","","g","","kg",
"Quebec","Québec","1991","Industrial Sources","Sources industrielles","Grain Industries","Industrie céréalière","all subsectors","tous les sous-secteurs","6047","tonnes","1547","tonnes","324","tonnes","","tonnes","","tonnes","","tonnes","","tonnes","","tonnes","","kg","","kg","","kg","","gTEQ","","g","","kg",
"Quebec","Québec","1991","Industrial Sources","Sources industrielles","Iron and Steel Industries","Sidérurgie","all subsectors","tous les sous-secteurs","3095","tonnes","1792","tonnes","1352","tonnes","7568","tonnes","1724","tonnes","436","tonnes","13891","tonnes","23","tonnes","","kg","","kg","51.8","kg","","gTEQ","","g","","kg",
"Quebec","Québec","1991","Industrial Sources","Sources industrielles","Iron and Steel Industries","Sidérurgie","Primary (Blast furnace and DRI)","Primaire (haut fourneau et réduction directe du fer)","2463","tonnes","1381","tonnes","891","tonnes","7314","tonnes","1317","tonnes","232","tonnes","12654","tonnes","10","tonnes","","kg","","kg","16.4","kg","","gTEQ","","g","","kg",
"Quebec","Québec","1991","Industrial Sources","Sources industrielles","Iron and Steel Industries","Sidérurgie","Secondary (Electric Arc Furnaces)","Secondaire (four à arc électrique)","633","tonnes","411","tonnes","461","tonnes","254","tonnes","407","tonnes","203","tonnes","1237","tonnes","12","tonnes","","kg","","kg","30.7","kg","","gTEQ","","g","","kg",
"Quebec","Québec","1991","Industrial Sources","Sources industrielles","Iron and Steel Industries","Sidérurgie","Steel Recycling","Recyclage d'acier","","tonnes","","tonnes","","tonnes","","tonnes","","tonnes","","tonnes","","tonnes","","tonnes","","kg","","kg","4.7","kg","","gTEQ","","g","","kg",
"Quebec","Québec","1991","Industrial Sources","Sources industrielles","Iron and Steel Industries","Sidérurgie","Other (Iron and Steel Industries)","Autres (sidérurgies)","","tonnes","","tonnes","","tonnes","","tonnes","","tonnes","","tonnes","","tonnes","","tonnes","","kg","","kg","","kg","","gTEQ","","g","","kg",
"Quebec","Québec","1991","Industrial Sources","Sources industrielles","Iron Ore Mining Industry","Industrie des minerais de fer","all subsectors","tous les sous-secteurs","8896","tonnes","982","tonnes","410","tonnes","8100","tonnes","2427","tonnes","12","tonnes","700","tonnes","136","tonnes","","kg","","kg","10.1","kg","","gTEQ","","g","","kg",
"Quebec","Québec","1991","Industrial Sources","Sources industrielles","Iron Ore Mining Industry","Industrie des minerais de fer","Iron Ore Mining Industry","Industrie minière de minerai de fer","1828","tonnes","787","tonnes","290","tonnes","1082","tonnes","272","tonnes","1","tonnes","25","tonnes","3","tonnes","","kg","","kg","0.1","kg","","gTEQ","","g","","kg",
"Quebec","Québec","1991","Industrial Sources","Sources industrielles","Iron Ore Mining Industry","Industrie des minerais de fer","Pelletizing","Bouletage","7068","tonnes","196","tonnes","120","tonnes","7019","tonnes","2154","tonnes","11","tonnes","675","tonnes","133","tonnes","","kg","","kg","10","kg","","gTEQ","","g","","kg",
"Quebec","Québec","1991","Industrial Sources","Sources industrielles","Mining and Rock Quarrying","Exploitation de mines et de carrières","all subsectors","tous les sous-secteurs","29913","tonnes","3284","tonnes","991","tonnes","146","tonnes","2018","tonnes","1","tonnes","448","tonnes","","tonnes","","kg","","kg","","kg","","gTEQ","","g","","kg",
"Quebec","Québec","1991","Industrial Sources","Sources industrielles","Mining and Rock Quarrying","Exploitation de mines et de carrières","Rock; Sand and Gravel","Roche; sable et gravier","20732","tonnes","2419","tonnes","454","tonnes","","tonnes","","tonnes","","tonnes","","tonnes","","tonnes","","kg","","kg","","kg","","gTEQ","","g","","kg",
"Quebec","Québec","1991","Industrial Sources","Sources industrielles","Mining and Rock Quarrying","Exploitation de mines et de carrières","Metal Mining ","Mines de métaux","1627","tonnes","187","tonnes","171","tonnes","130","tonnes","1973","tonnes","","tonnes","425","tonnes","","tonnes","","kg","","kg","","kg","","gTEQ","","g","","kg",
"Quebec","Québec","1991","Industrial Sources","Sources industrielles","Mining and Rock Quarrying","Exploitation de mines et de carrières","Coal Mining Industry","Industrie du charbon","110","tonnes","55","tonnes","22","tonnes","","tonnes","","tonnes","","tonnes","","tonnes","","tonnes","","kg","","kg","","kg","","gTEQ","","g","","kg",
"Quebec","Québec","1991","Industrial Sources","Sources industrielles","Mining and Rock Quarrying","Exploitation de mines et de carrières","Potash","Potasse","","tonnes","","tonnes","","tonnes","","tonnes","","tonnes","","tonnes","","tonnes","","tonnes","","kg","","kg","","kg","","gTEQ","","g","","kg",
"Quebec","Québec","1991","Industrial Sources","Sources industrielles","Mining and Rock Quarrying","Exploitation de mines et de carrières","Silica Production","Production de silice","448","tonnes","44","tonnes","13","tonnes","","tonnes","","tonnes","","tonnes","","tonnes","","tonnes","","kg","","kg","","kg","","gTEQ","","g","","kg",
"Quebec","Québec","1991","Industrial Sources","Sources industrielles","Mining and Rock Quarrying","Exploitation de mines et de carrières","Other Minerals","Autres minéraux","6996","tonnes","579","tonnes","331","tonnes","16","tonnes","45","tonnes","1","tonnes","24","tonnes","","tonnes","","kg","","kg","","kg","","gTEQ","","g","","kg",
"Quebec","Québec","1991","Industrial Sources","Sources industrielles","Non-Ferrous Smelting and Refining Industry","Fonte et affinage de métaux non ferreux","all subsectors","tous les sous-secteurs","2322","tonnes","2012","tonnes","1482","tonnes","57701","tonnes","1517","tonnes","10","tonnes","157","tonnes","30","tonnes","","kg","","kg","1338.3","kg","","gTEQ","","g","","kg",
"Quebec","Québec","1991","Industrial Sources","Sources industrielles","Non-Ferrous Smelting and Refining Industry","Fonte et affinage de métaux non ferreux","Primary Ni; Cu; Zn; Pb","Ni; Cu; Zi et Pb de première fusion","2232","tonnes","1980","tonnes","1453","tonnes","57697","tonnes","1432","tonnes","8","tonnes","136","tonnes","29","tonnes","","kg","","kg","1338.3","kg","","gTEQ","","g","","kg",
"Quebec","Québec","1991","Industrial Sources","Sources industrielles","Non-Ferrous Smelting and Refining Industry","Fonte et affinage de métaux non ferreux","Secondary Pb; Cu","Pb et Cu de deuxième fusion","","tonnes","","tonnes","","tonnes","","tonnes","","tonnes","","tonnes","","tonnes","","tonnes","","kg","","kg","","kg","","gTEQ","","g","","kg",
"Quebec","Québec","1991","Industrial Sources","Sources industrielles","Non-Ferrous Smelting and Refining Industry","Fonte et affinage de métaux non ferreux","Other metals","Autres métaux","90","tonnes","32","tonnes","29","tonnes","3","tonnes","84","tonnes","2","tonnes","21","tonnes","1","tonnes","","kg","","kg","","kg","","gTEQ","","g","","kg",
"Quebec","Québec","1991","Industrial Sources","Sources industrielles","Pulp and Paper Industry","Industrie des pâtes et papiers","all subsectors","tous les sous-secteurs","17608","tonnes","10261","tonnes","8363","tonnes","30165","tonnes","17865","tonnes","3175","tonnes","15502","tonnes","1253","tonnes","","kg","","kg","23.7","kg","","gTEQ","","g","","kg",
"Quebec","Québec","1991","Industrial Sources","Sources industrielles","Wood Industry","Industrie du bois","all subsectors","tous les sous-secteurs","15430","tonnes","8827","tonnes","4266","tonnes","673","tonnes","2421","tonnes","8681","tonnes","74403","tonnes","1141","tonnes","69.5","kg","9.1","kg","7.2","kg","0.154","gTEQ","","g","4.7","kg",
"Quebec","Québec","1991","Industrial Sources","Sources industrielles","Wood Industry","Industrie du bois","Sawmills","Scieries","13218","tonnes","7224","tonnes","3096","tonnes","288","tonnes","1429","tonnes","4713","tonnes","55963","tonnes","505","tonnes","9.5","kg","6.3","kg","2.4","kg","0.101","gTEQ","","g","1","kg",
"Quebec","Québec","1991","Industrial Sources","Sources industrielles","Wood Industry","Industrie du bois","Panel Board Mills","Usines de panneaux","1916","tonnes","1379","tonnes","1062","tonnes","90","tonnes","866","tonnes","3385","tonnes","18243","tonnes","589","tonnes","60","kg","2.8","kg","4.8","kg","0.053","gTEQ","","g","3.7","kg",
"Quebec","Québec","1991","Industrial Sources","Sources industrielles","Wood Industry","Industrie du bois","Other Wood Products","Autres produits du bois","296","tonnes","224","tonnes","108","tonnes","295","tonnes","126","tonnes","584","tonnes","198","tonnes","47","tonnes","","kg","","kg","","kg","","gTEQ","","g","","kg",
"Quebec","Québec","1991","Industrial Sources","Sources industrielles","Upstream Petroleum Industry","Industrie pétrolière en amont","all subsectors","tous les sous-secteurs","","tonnes","","tonnes","","tonnes","","tonnes","","tonnes","","tonnes","","tonnes","","tonnes","","kg","","kg","","kg","","gTEQ","","g","","kg",
"Quebec","Québec","1991","Industrial Sources","Sources industrielles","Upstream Petroleum Industry","Industrie pétrolière en amont","Crude Oil and Natural Gas Production and Processing","Production et traitement du pétrole brut et du gaz naturel","","tonnes","","tonnes","","tonnes","","tonnes","","tonnes","","tonnes","","tonnes","","tonnes","","kg","","kg","","kg","","gTEQ","","g","","kg",
"Quebec","Québec","1991","Industrial Sources","Sources industrielles","Upstream Petroleum Industry","Industrie pétrolière en amont","Petroleum Liquids Storage","Stockage de produits pétroliers liquides","","tonnes","","tonnes","","tonnes","","tonnes","","tonnes","","tonnes","","tonnes","","tonnes","","kg","","kg","","kg","","gTEQ","","g","","kg",
"Quebec","Québec","1991","Industrial Sources","Sources industrielles","Upstream Petroleum Industry","Industrie pétrolière en amont","Oil Sands In-Situ Extraction and Processing ","Extraction et traitement in situ des sables bitumineux","","tonnes","","tonnes","","tonnes","","tonnes","","tonnes","","tonnes","","tonnes","","tonnes","","kg","","kg","","kg","","gTEQ","","g","","kg",
"Quebec","Québec","1991","Industrial Sources","Sources industrielles","Upstream Petroleum Industry","Industrie pétrolière en amont","Oil Sands Mining Extraction and Processing ","Exploitation; extraction et traitement des sables bitumineux","","tonnes","","tonnes","","tonnes","","tonnes","","tonnes","","tonnes","","tonnes","","tonnes","","kg","","kg","","kg","","gTEQ","","g","","kg",
"Quebec","Québec","1991","Industrial Sources","Sources industrielles","Upstream Petroleum Industry","Industrie pétrolière en amont","Bitumen and Heavy Oil Upgrading ","Valorisation du bitume et du pétrole lourd","","tonnes","","tonnes","","tonnes","","tonnes","","tonnes","","tonnes","","tonnes","","tonnes","","kg","","kg","","kg","","gTEQ","","g","","kg",
"Quebec","Québec","1991","Industrial Sources","Sources industrielles","Downstream Petroleum Industry","Industrie pétrolière en aval","all subsectors","tous les sous-secteurs","565","tonnes","668","tonnes","425","tonnes","8283","tonnes","3532","tonnes","21124","tonnes","675","tonnes","4","tonnes","","kg","","kg","23.4","kg","","gTEQ","","g","","kg",
"Quebec","Québec","1991","Industrial Sources","Sources industrielles","Downstream Petroleum Industry","Industrie pétrolière en aval","Petroleum Refining","Raffinage de pétrole","561","tonnes","664","tonnes","422","tonnes","8208","tonnes","3506","tonnes","15576","tonnes","673","tonnes","4","tonnes","","kg","","kg","23.4","kg","","gTEQ","","g","","kg",
"Quebec","Québec","1991","Industrial Sources","Sources industrielles","Downstream Petroleum Industry","Industrie pétrolière en aval","Refined Petroleum Products Bulk Storage and Distribution","Stockage en vrac et distribution des produits pétroliers raffinés","4","tonnes","4","tonnes","2","tonnes","75","tonnes","27","tonnes","5548","tonnes","2","tonnes","","tonnes","","kg","","kg","","kg","","gTEQ","","g","","kg",
"Quebec","Québec","1991","Industrial Sources","Sources industrielles","Downstream Petroleum Industry","Industrie pétrolière en aval","Other Downstream Petroleum Industry","Autre industrie pétrolière en aval","","tonnes","","tonnes","","tonnes","","tonnes","","tonnes","","tonnes","","tonnes","","tonnes","","kg","","kg","","kg","","gTEQ","","g","","kg",
"Quebec","Québec","1991","Industrial Sources","Sources industrielles","Other Industries","Autres industries","all subsectors","tous les sous-secteurs","4000","tonnes","2116","tonnes","1543","tonnes","11390","tonnes","4619","tonnes","10649","tonnes","4140","tonnes","187","tonnes","","kg","","kg","357","kg","","gTEQ","","g","","kg",
"Quebec","Québec","1991","Industrial Sources","Sources industrielles","Other Industries","Autres industries","Metal Fabrication","Fabrication de produits métalliques","1102","tonnes","532","tonnes","409","tonnes","2038","tonnes","339","tonnes","2694","tonnes","2906","tonnes","30","tonnes","","kg","","kg","6","kg","","gTEQ","","g","","kg",
"Quebec","Québec","1991","Industrial Sources","Sources industrielles","Other Industries","Autres industries","Glass Manufacture","Fabrication de verre","332","tonnes","233","tonnes","214","tonnes","720","tonnes","900","tonnes","89","tonnes","40","tonnes","8","tonnes","","kg","","kg","3.7","kg","","gTEQ","","g","","kg",
"Quebec","Québec","1991","Industrial Sources","Sources industrielles","Other Industries","Autres industries","Vehicle Manufacture ( Engines; Parts; Assembly; Painting) ","Fabrication de véhicules (moteurs; pièces; assemblage; peinture)","9","tonnes","7","tonnes","6","tonnes","36","tonnes","45","tonnes","367","tonnes","14","tonnes","1","tonnes","","kg","","kg","","kg","","gTEQ","","g","","kg",
"Quebec","Québec","1991","Industrial Sources","Sources industrielles","Other Industries","Autres industries","Electronics","Électronique","20","tonnes","17","tonnes","17","tonnes","1584","tonnes","38","tonnes","126","tonnes","9","tonnes","22","tonnes","","kg","","kg","320.2","kg","","gTEQ","","g","","kg",
"Quebec","Québec","1991","Industrial Sources","Sources industrielles","Other Industries","Autres industries","Plastics Manufacture","Fabrication de plastiques","38","tonnes","26","tonnes","21","tonnes","151","tonnes","103","tonnes","3828","tonnes","59","tonnes","2","tonnes","","kg","","kg","","kg","","gTEQ","","g","","kg",
"Quebec","Québec","1991","Industrial Sources","Sources industrielles","Other Industries","Autres industries","Food Preparation","Préparation d'aliments","268","tonnes","207","tonnes","177","tonnes","106","tonnes","168","tonnes","959","tonnes","78","tonnes","12","tonnes","","kg","","kg","","kg","","gTEQ","","g","","kg",
"Quebec","Québec","1991","Industrial Sources","Sources industrielles","Other Industries","Autres industries","Textiles ","Textiles","6","tonnes","5","tonnes","4","tonnes","110","tonnes","42","tonnes","7","tonnes","25","tonnes","2","tonnes","","kg","","kg","","kg","","gTEQ","","g","","kg",
"Quebec","Québec","1991","Industrial Sources","Sources industrielles","Other Industries","Autres industries","Abrasives Manufacture","Fabrication d’abrasifs","868","tonnes","461","tonnes","305","tonnes","2767","tonnes","167","tonnes","942","tonnes","393","tonnes","","tonnes","","kg","","kg","","kg","","gTEQ","","g","","kg",
"Quebec","Québec","1991","Industrial Sources","Sources industrielles","Other Industries","Autres industries","Bakeries","Boulangeries","1","tonnes","","tonnes","","tonnes","","tonnes","","tonnes","872","tonnes","","tonnes","","tonnes","","kg","","kg","","kg","","gTEQ","","g","","kg",
"Quebec","Québec","1991","Industrial Sources","Sources industrielles","Other Industries","Autres industries","Other (Other Industries)","Autres (autres industries)","1358","tonnes","629","tonnes","389","tonnes","3878","tonnes","2817","tonnes","764","tonnes","616","tonnes","110","tonnes","","kg","","kg","27.1","kg","","gTEQ","","g","","kg",
"Quebec","Québec","1991","Industrial Sources","Sources industrielles","Petroleum Product Transportation and Distribution","Transport et distribution des produits pétroliers","all subsectors","tous les sous-secteurs","1","tonnes","1","tonnes","1","tonnes","","tonnes","51","tonnes","2","tonnes","19","tonnes","","tonnes","","kg","","kg","","kg","","gTEQ","","g","","kg",
"Quebec","Québec","1991","Industrial Sources","Sources industrielles","Petroleum Product Transportation and Distribution","Transport et distribution des produits pétroliers","Natural Gas Transmission","Transport du gaz naturel","1","tonnes","1","tonnes","1","tonnes","","tonnes","45","tonnes","2","tonnes","15","tonnes","","tonnes","","kg","","kg","","kg","","gTEQ","","g","","kg",
"Quebec","Québec","1991","Industrial Sources","Sources industrielles","Petroleum Product Transportation and Distribution","Transport et distribution des produits pétroliers","Natural Gas Distribution","Distribution du gaz naturel","","tonnes","","tonnes","","tonnes","","tonnes","5","tonnes","","tonnes","4","tonnes","","tonnes","","kg","","kg","","kg","","gTEQ","","g","","kg",
"Quebec","Québec","1991","Industrial Sources","Sources industrielles","Petroleum Product Transportation and Distribution","Transport et distribution des produits pétroliers","Petroleum Product Pipelines","Oléoducs et gazoducs","","tonnes","","tonnes","","tonnes","","tonnes","","tonnes","","tonnes","","tonnes","","tonnes","","kg","","kg","","kg","","gTEQ","","g","","kg",
"Quebec","Québec","1991","Industrial Sources","Sources industrielles","Biofuel Production","Production de biocarburant","all subsectors","tous les sous-secteurs","","tonnes","","tonnes","","tonnes","","tonnes","","tonnes","","tonnes","","tonnes","","tonnes","","kg","","kg","","kg","","gTEQ","","g","","kg",
"Quebec","Québec","1991","Non-Industrial Sources","Sources non industrielles","Commercial Fuel Combustion","Combustion de combustibles – secteur commercial","all subsectors","tous les sous-secteurs","327","tonnes","282","tonnes","269","tonnes","3676","tonnes","3894","tonnes","156","tonnes","2168","tonnes","69","tonnes","55.4","kg","59.1","kg","6.9","kg","0.079","gTEQ","","g","0.5","kg",
"Quebec","Québec","1991","Non-Industrial Sources","Sources non industrielles","Electric Power Generation (Utilities)","Production d'électricité (services publics)","all subsectors","tous les sous-secteurs","549","tonnes","340","tonnes","293","tonnes","4043","tonnes","2764","tonnes","185","tonnes","2962","tonnes","294","tonnes","","kg","","kg","1.8","kg","","gTEQ","","g","","kg",
"Quebec","Québec","1991","Non-Industrial Sources","Sources non industrielles","Electric Power Generation (Utilities)","Production d'électricité (services publics)","Coal","Charbon","","tonnes","1","tonnes","1","tonnes","","tonnes","","tonnes","","tonnes","","tonnes","","tonnes","","kg","","kg","","kg","","gTEQ","","g","","kg",
"Quebec","Québec","1991","Non-Industrial Sources","Sources non industrielles","Electric Power Generation (Utilities)","Production d'électricité (services publics)","Natural Gas","Gaz naturel","5","tonnes","5","tonnes","5","tonnes","","tonnes","175","tonnes","3","tonnes","52","tonnes","2","tonnes","","kg","","kg","","kg","","gTEQ","","g","","kg",
"Quebec","Québec","1991","Non-Industrial Sources","Sources non industrielles","Electric Power Generation (Utilities)","Production d'électricité (services publics)","Other (EPG)","Autres (production d'électricité)","544","tonnes","335","tonnes","287","tonnes","4043","tonnes","2589","tonnes","181","tonnes","2910","tonnes","292","tonnes","","kg","","kg","1.8","kg","","gTEQ","","g","","kg",
"Quebec","Québec","1991","Non-Industrial Sources","Sources non industrielles","Residential Fuel Combustion","Combustion de combustibles – secteur résidentiel","all subsectors","tous les sous-secteurs","440","tonnes","275","tonnes","230","tonnes","5918","tonnes","4853","tonnes","125","tonnes","1325","tonnes","184","tonnes","117.4","kg","89.9","kg","3.2","kg","0.235","gTEQ","","g","1.2","kg",
"Quebec","Québec","1991","Non-Industrial Sources","Sources non industrielles","Residential Fuel Wood Combustion","Combustion de bois de chauffage - secteur résidentiel","all subsectors","tous les sous-secteurs","111849","tonnes","105796","tonnes","105674","tonnes","1496","tonnes","10474","tonnes","147097","tonnes","686026","tonnes","943","tonnes","1447.9","kg","82.3","kg","22.1","kg","3.741","gTEQ","","g","56792.1","kg",
"Quebec","Québec","1991","Mobile Sources","Sources mobiles","Air Transportation","Transport aérien","all subsectors","tous les sous-secteurs","113","tonnes","113","tonnes","101","tonnes","879","tonnes","8423","tonnes","732","tonnes","7917","tonnes","4","tonnes","7593.6","kg","","kg","","kg","","gTEQ","","g","1.7","kg",
"Quebec","Québec","1991","Mobile Sources","Sources mobiles","Heavy-duty diesel vehicles","Véhicules lourds au diesel","all subsectors","tous les sous-secteurs","4934","tonnes","4934","tonnes","4786","tonnes","6883","tonnes","44294","tonnes","5143","tonnes","16616","tonnes","39","tonnes","","kg","","kg","","kg","0.398","gTEQ","","g","145.5","kg",
"Quebec","Québec","1991","Mobile Sources","Sources mobiles","Heavy-duty gasoline trucks","Camions lourds à essence","all subsectors","tous les sous-secteurs","256","tonnes","256","tonnes","235","tonnes","259","tonnes","7192","tonnes","14483","tonnes","202422","tonnes","69","tonnes","","kg","","kg","","kg","0.004","gTEQ","","g","199.6","kg",
"Quebec","Québec","1991","Mobile Sources","Sources mobiles","Light-duty diesel trucks","Camions légers au diesel","all subsectors","tous les sous-secteurs","149","tonnes","149","tonnes","144","tonnes","128","tonnes","675","tonnes","125","tonnes","484","tonnes","2","tonnes","","kg","","kg","","kg","0.082","gTEQ","","g","15","kg",
"Quebec","Québec","1991","Mobile Sources","Sources mobiles","Light-duty diesel vehicles","Véhicules légers au diesel","all subsectors","tous les sous-secteurs","186","tonnes","186","tonnes","180","tonnes","173","tonnes","218","tonnes","71","tonnes","220","tonnes","1","tonnes","","kg","","kg","","kg","0.058","gTEQ","","g","9.8","kg",
"Quebec","Québec","1991","Mobile Sources","Sources mobiles","Light-duty gasoline trucks","Camions légers à essence","all subsectors","tous les sous-secteurs","686","tonnes","686","tonnes","631","tonnes","1210","tonnes","37412","tonnes","22502","tonnes","240543","tonnes","327","tonnes","","kg","","kg","","kg","0.014","gTEQ","","g","69.6","kg",
"Quebec","Québec","1991","Mobile Sources","Sources mobiles","Light-duty gasoline vehicles","Véhicules légers à essence","all subsectors","tous les sous-secteurs","2387","tonnes","2387","tonnes","2196","tonnes","4320","tonnes","121680","tonnes","93869","tonnes","981372","tonnes","1388","tonnes","","kg","","kg","","kg","0.063","gTEQ","","g","141","kg",
"Quebec","Québec","1991","Mobile Sources","Sources mobiles","Marine Transportation","Transport maritime","all subsectors","tous les sous-secteurs","2576","tonnes","2473","tonnes","2275","tonnes","19665","tonnes","30608","tonnes","2191","tonnes","2726","tonnes","33","tonnes","115.9","kg","48.7","kg","1.1","kg","3.865","gTEQ","","g","23.2","kg",
"Quebec","Québec","1991","Mobile Sources","Sources mobiles","Motorcycles","Motocyclettes","all subsectors","tous les sous-secteurs","4","tonnes","4","tonnes","4","tonnes","10","tonnes","121","tonnes","426","tonnes","3136","tonnes","2","tonnes","","kg","","kg","","kg","","gTEQ","","g","1.1","kg",
"Quebec","Québec","1991","Mobile Sources","Sources mobiles","Off-road use of diesel","Consommation de diesel hors route","all subsectors","tous les sous-secteurs","5298","tonnes","5298","tonnes","5192","tonnes","3208","tonnes","40350","tonnes","7147","tonnes","29100","tonnes","22","tonnes","","kg","","kg","","kg","","gTEQ","","g","","kg",
"Quebec","Québec","1991","Mobile Sources","Sources mobiles","Off-road use of gasoline/LPG/CNG","Consommation d'essence /GPL/GNC hors route","all subsectors","tous les sous-secteurs","1840","tonnes","1770","tonnes","1663","tonnes","366","tonnes","3381","tonnes","89478","tonnes","310666","tonnes","24","tonnes","","kg","","kg","","kg","","gTEQ","","g","0.2","kg",
"Quebec","Québec","1991","Mobile Sources","Sources mobiles","Rail Transportation","Transport ferroviaire","all subsectors","tous les sous-secteurs","321","tonnes","321","tonnes","312","tonnes","497","tonnes","14353","tonnes","587","tonnes","1419","tonnes","4","tonnes","27","kg","9","kg","9","kg","0.109","gTEQ","","g","5.5","kg",
"Quebec","Québec","1991","Mobile Sources","Sources mobiles","Tire wear & Brake Lining","Usure des pneus et des garnitures de frein","all subsectors","tous les sous-secteurs","999","tonnes","999","tonnes","245","tonnes","","tonnes","","tonnes","","tonnes","","tonnes","","tonnes","","kg","","kg","","kg","","gTEQ","","g","","kg",
"Quebec","Québec","1991","Incineration Sources","Sources d'incinération","Crematorium","Crématoriums","all subsectors","tous les sous-secteurs","1","tonnes","1","tonnes","1","tonnes","1","tonnes","2","tonnes","","tonnes","2","tonnes","","tonnes","0.5","kg","0.1","kg","22.9","kg","0.261","gTEQ","2.304","g","","kg",
"Quebec","Québec","1991","Incineration Sources","Sources d'incinération","Industrial & Commercial Incineration","Incinération commerciale et industrielle","all subsectors","tous les sous-secteurs","12","tonnes","9","tonnes","6","tonnes","35","tonnes","50","tonnes","2","tonnes","24","tonnes","","tonnes","","kg","","kg","111","kg","","gTEQ","","g","","kg",
"Quebec","Québec","1991","Incineration Sources","Sources d'incinération","Municipal Incineration","Incinération municipale","all subsectors","tous les sous-secteurs","80","tonnes","33","tonnes","22","tonnes","763","tonnes","404","tonnes","2674","tonnes","6091","tonnes","49","tonnes","","kg","","kg","221.6","kg","","gTEQ","","g","","kg",
"Quebec","Québec","1991","Incineration Sources","Sources d'incinération","Other Incineration & Utilities","Autres incinération et services publics","all subsectors","tous les sous-secteurs","51","tonnes","5","tonnes","1","tonnes","717","tonnes","171","tonnes","63","tonnes","841","tonnes","20","tonnes","","kg","","kg","","kg","","gTEQ","","g","","kg",
"Quebec","Québec","1991","Miscellaneous Sources","Sources diverses","Cigarette Smoking","Usage de la cigarette","all subsectors","tous les sous-secteurs","251","tonnes","251","tonnes","251","tonnes","","tonnes","","tonnes","4","tonnes","1187","tonnes","33","tonnes","0.7","kg","1.8","kg","0.1","kg","0.006","gTEQ","","g","0.3","kg",
"Quebec","Québec","1991","Miscellaneous Sources","Sources diverses","Dry Cleaning","Nettoyage à sec","all subsectors","tous les sous-secteurs","","tonnes","","tonnes","","tonnes","","tonnes","","tonnes","174","tonnes","","tonnes","","tonnes","","kg","","kg","","kg","","gTEQ","","g","","kg",
"Quebec","Québec","1991","Miscellaneous Sources","Sources diverses","General Solvent Use","Utilisation générale de solvants","all subsectors","tous les sous-secteurs","","tonnes","","tonnes","","tonnes","","tonnes","","tonnes","45359","tonnes","","tonnes","","tonnes","","kg","","kg","","kg","","gTEQ","","g","","kg",
"Quebec","Québec","1991","Miscellaneous Sources","Sources diverses","Marine Cargo Handling Industry","Industrie du fret maritime","all subsectors","tous les sous-secteurs","","tonnes","","tonnes","","tonnes","","tonnes","","tonnes","","tonnes","","tonnes","","tonnes","","kg","","kg","","kg","","gTEQ","","g","","kg",
"Quebec","Québec","1991","Miscellaneous Sources","Sources diverses","Meat Cooking","Cuisson des viandes","all subsectors","tous les sous-secteurs","1716","tonnes","1716","tonnes","1716","tonnes","","tonnes","","tonnes","","tonnes","","tonnes","","tonnes","","kg","","kg","","kg","","gTEQ","","g","0.7","kg",
"Quebec","Québec","1991","Miscellaneous Sources","Sources diverses","Refined Petroleum Products Retail","Commercialisation des produits pétroliers raffinés","all subsectors","tous les sous-secteurs","","tonnes","","tonnes","","tonnes","","tonnes","","tonnes","6893","tonnes","","tonnes","","tonnes","","kg","","kg","","kg","","gTEQ","","g","","kg",
"Quebec","Québec","1991","Miscellaneous Sources","Sources diverses","Printing","Imprimerie","all subsectors","tous les sous-secteurs","1","tonnes","2","tonnes","2","tonnes","","tonnes","37","tonnes","6828","tonnes","4","tonnes","1","tonnes","","kg","","kg","","kg","","gTEQ","","g","","kg",
"Quebec","Québec","1991","Miscellaneous Sources","Sources diverses","Structural Fires","Incendies d'immeubles","all subsectors","tous les sous-secteurs","82","tonnes","82","tonnes","76","tonnes","","tonnes","11","tonnes","83","tonnes","453","tonnes","5","tonnes","","kg","","kg","","kg","","gTEQ","","g","","kg",
"Quebec","Québec","1991","Miscellaneous Sources","Sources diverses","Surface Coatings","Revêtements de surface","all subsectors","tous les sous-secteurs","","tonnes","","tonnes","","tonnes","","tonnes","","tonnes","30302","tonnes","","tonnes","","tonnes","","kg","","kg","","kg","","gTEQ","","g","","kg",
"Quebec","Québec","1991","Miscellaneous Sources","Sources diverses","Human","Source humaine","all subsectors","tous les sous-secteurs","","tonnes","","tonnes","","tonnes","","tonnes","","tonnes","","tonnes","","tonnes","119","tonnes","","kg","","kg","25.6","kg","","gTEQ","","g","","kg",
"Quebec","Québec","1991","Miscellaneous Sources","Sources diverses","Other Miscellaneous Sources","Autres sources diverses","all subsectors","tous les sous-secteurs","","tonnes","","tonnes","","tonnes","","tonnes","","tonnes","","tonnes","","tonnes","5","tonnes","","kg","","kg","206.2","kg","","gTEQ","","g","","kg",
"Quebec","Québec","1991","Open Sources","Sources à ciel ouvert","Agriculture","Agriculture","all subsectors","tous les sous-secteurs","92479","tonnes","24201","tonnes","8971","tonnes","532","tonnes","356","tonnes","25896","tonnes","79","tonnes","60069","tonnes","8.6","kg","9.4","kg","0.1","kg","0.018","gTEQ","","g","0.1","kg",
"Quebec","Québec","1991","Open Sources","Sources à ciel ouvert","Agriculture","Agriculture","Animals Production","Production d'animaux","6317","tonnes","1735","tonnes","360","tonnes","","tonnes","","tonnes","25888","tonnes","","tonnes","53170","tonnes","","kg","","kg","","kg","","gTEQ","","g","","kg",
"Quebec","Québec","1991","Open Sources","Sources à ciel ouvert","Agriculture","Agriculture","Crop Production","Production de la moisson","85058","tonnes","21922","tonnes","8448","tonnes","","tonnes","","tonnes","","tonnes","","tonnes","","tonnes","","kg","","kg","","kg","","gTEQ","","g","","kg",
"Quebec","Québec","1991","Open Sources","Sources à ciel ouvert","Agriculture","Agriculture","Fertilizer Application","Épandage d’engrais","1076","tonnes","527","tonnes","151","tonnes","","tonnes","","tonnes","","tonnes","","tonnes","6886","tonnes","","kg","","kg","","kg","","gTEQ","","g","","kg",
"Quebec","Québec","1991","Open Sources","Sources à ciel ouvert","Agriculture","Agriculture","Agriculture - Fuel Combustion","Agriculture – combustion de combustibles","27","tonnes","16","tonnes","13","tonnes","532","tonnes","356","tonnes","8","tonnes","79","tonnes","13","tonnes","8.6","kg","9.4","kg","0.1","kg","0.018","gTEQ","","g","0.1","kg",
"Quebec","Québec","1991","Open Sources","Sources à ciel ouvert","Construction Operation","Activités de construction","all subsectors","tous les sous-secteurs","278959","tonnes","83715","tonnes","16774","tonnes","202","tonnes","868","tonnes","16","tonnes","150","tonnes","15","tonnes","2","kg","2.4","kg","0.6","kg","0.013","gTEQ","","g","0.1","kg",
"Quebec","Québec","1991","Open Sources","Sources à ciel ouvert","Dust from Paved Roads","Poussière - routes revêtues","all subsectors","tous les sous-secteurs","547801","tonnes","104995","tonnes","25108","tonnes","","tonnes","","tonnes","","tonnes","","tonnes","","tonnes","","kg","","kg","","kg","","gTEQ","","g","","kg",
"Quebec","Québec","1991","Open Sources","Sources à ciel ouvert","Dust from Unpaved Roads","Poussière - routes non revêtues","all subsectors","tous les sous-secteurs","765749","tonnes","252621","tonnes","37164","tonnes","","tonnes","","tonnes","","tonnes","","tonnes","","tonnes","","kg","","kg","","kg","","gTEQ","","g","","kg",
"Quebec","Québec","1991","Open Sources","Sources à ciel ouvert","Dust from Coal Transportation","Poussière - transport  mines de charbon","all subsectors","tous les sous-secteurs","","tonnes","","tonnes","","tonnes","","tonnes","","tonnes","","tonnes","","tonnes","","tonnes","","kg","","kg","","kg","","gTEQ","","g","","kg",
"Quebec","Québec","1991","Open Sources","Sources à ciel ouvert","Waste","Déchets","all subsectors","tous les sous-secteurs","1439","tonnes","710","tonnes","658","tonnes","122","tonnes","1034","tonnes","4706","tonnes","3997","tonnes","373","tonnes","","kg","","kg","346.4","kg","5.71","gTEQ","1351.92","g","199.3","kg",
"Quebec","Québec","1991","Open Sources","Sources à ciel ouvert","Waste","Déchets","Landfills","Sites d'enfouissement","786","tonnes","63","tonnes","16","tonnes","1","tonnes","113","tonnes","3404","tonnes","95","tonnes","4","tonnes","","kg","","kg","145.2","kg","","gTEQ","","g","","kg",
"Quebec","Québec","1991","Open Sources","Sources à ciel ouvert","Waste","Déchets","Water and Sewage Treatment","Traitement de l'eau et des eaux usées","20","tonnes","14","tonnes","10","tonnes","82","tonnes","647","tonnes","99","tonnes","464","tonnes","343","tonnes","","kg","","kg","105","kg","","gTEQ","","g","","kg",
"Quebec","Québec","1991","Open Sources","Sources à ciel ouvert","Waste","Déchets","Energy from Waste","Production d'énergie à partir des déchets","","tonnes","","tonnes","","tonnes","","tonnes","","tonnes","","tonnes","","tonnes","","tonnes","","kg","","kg","","kg","","gTEQ","","g","","kg",
"Quebec","Québec","1991","Open Sources","Sources à ciel ouvert","Waste","Déchets","Open Burning","Brûlage à ciel ouvert","630","tonnes","630","tonnes","630","tonnes","39","tonnes","236","tonnes","1181","tonnes","3306","tonnes","25","tonnes","","kg","","kg","96.2","kg","5.71","gTEQ","1351.92","g","199.3","kg",
"Quebec","Québec","1991","Open Sources","Sources à ciel ouvert","Waste","Déchets","Waste Treatment and Disposal","Traitement et élimination des déchets","3","tonnes","3","tonnes","2","tonnes","","tonnes","37","tonnes","23","tonnes","132","tonnes","2","tonnes","","kg","","kg","","kg","","gTEQ","","g","","kg",
"Quebec","Québec","1991","Open Sources","Sources à ciel ouvert","Mine Tailings","Résidus miniers","all subsectors","tous les sous-secteurs","","tonnes","","tonnes","","tonnes","","tonnes","","tonnes","","tonnes","","tonnes","","tonnes","","kg","","kg","","kg","","gTEQ","","g","","kg",
"Quebec","Québec","1991","Open Sources","Sources à ciel ouvert","Prescribed Burning","Brûlage dirigé","all subsectors","tous les sous-secteurs","93","tonnes","78","tonnes","54","tonnes","","tonnes","10","tonnes","27","tonnes","822","tonnes","1","tonnes","","kg","","kg","","kg","0.011","gTEQ","","g","13.8","kg",
